{"edges":[{"source":0,"target":5},{"source":0,"target":6},{"source":0,"target":3},{"source":1,"target":5},{"source":1,"target":7},{"source":1,"target":6},{"source":2,"target":5},{"source":2,"target":6},{"source":2,"target":4},{"source":7,"target":5},{"source":7,"target":6},{"source":4,"target":5},{"source":4,"target":6},{"source":3,"target":6},{"source":3,"target":5},{"source":5,"target":6}],"height":20,"nodes":[{"id":0,"x":8.0,"y":16.0},{"id":1,"x":8.0,"y":0.0},{"id":2,"x":0.0,"y":8.0},{"id":3,"x":12.0,"y":12.0},{"id":4,"x":16.0,"y":8.0},{"id":5,"x":12.0,"y":4.0},{"id":6,"x":4.0,"y":12.0},{"id":7,"x":4.0,"y":4.0}],"points":[{"id":0,"x":0.0,"y":8.0},{"id":1,"x":4.0,"y":4.0},{"id":2,"x":8.0,"y":16.0},{"id":3,"x":8.0,"y":0.0},{"id":4,"x":16.0,"y":8.0},{"id":5,"x":4.0,"y":12.0},{"id":6,"x":12.0,"y":4.0},{"id":7,"x":12.0,"y":12.0}],"width":20}