{
    "nodes": [
        {
            "id": 0,
            "x": 6,
            "y": 6
        },
        {
            "id": 1,
            "x": 4,
            "y": 6
        },
        {
            "id": 2,
            "x": 4,
            "y": 2
        },
        {
            "id": 3,
            "x": 4,
            "y": 4
        },
        {
            "id": 4,
            "x": 6,
            "y": 0
        },
        {
            "id": 5,
            "x": 2,
            "y": 4
        },
        {
            "id": 6,
            "x": 0,
            "y": 0
        },
        {
            "id": 7,
            "x": 2,
            "y": 0
        },
        {
            "id": 8,
            "x": 8,
            "y": 0
        },
        {
            "id": 9,
            "x": 6,
            "y": 4
        },
        {
            "id": 10,
            "x": 6,
            "y": 2
        },
        {
            "id": 11,
            "x": 2,
            "y": 6
        },
        {
            "id": 12,
            "x": 8,
            "y": 4
        },
        {
            "id": 13,
            "x": 8,
            "y": 6
        },
        {
            "id": 14,
            "x": 4,
            "y": 0
        },
        {
            "id": 15,
            "x": 8,
            "y": 2
        },
        {
            "id": 16,
            "x": 0,
            "y": 6
        },
        {
            "id": 17,
            "x": 0,
            "y": 2
        },
        {
            "id": 18,
            "x": 0,
            "y": 4
        },
        {
            "id": 19,
            "x": 2,
            "y": 2
        }
    ],
    "edges": [
        {
            "source": 0,
            "target": 9
        },
        {
            "source": 9,
            "target": 13
        },
        {
            "source": 13,
            "target": 0
        },
        {
            "source": 3,
            "target": 16
        },
        {
            "source": 11,
            "target": 16
        },
        {
            "source": 11,
            "target": 3
        },
        {
            "source": 19,
            "target": 17
        },
        {
            "source": 17,
            "target": 18
        },
        {
            "source": 18,
            "target": 19
        },
        {
            "source": 10,
            "target": 1
        },
        {
            "source": 10,
            "target": 4
        },
        {
            "source": 10,
            "target": 2
        },
        {
            "source": 10,
            "target": 14
        },
        {
            "source": 10,
            "target": 12
        },
        {
            "source": 10,
            "target": 15
        },
        {
            "source": 10,
            "target": 5
        },
        {
            "source": 10,
            "target": 7
        },
        {
            "source": 10,
            "target": 8
        },
        {
            "source": 10,
            "target": 6
        }
    ],
    "points": [
        {
            "id": 0,
            "x": 0,
            "y": 0
        },
        {
            "id": 1,
            "x": 0,
            "y": 2
        },
        {
            "id": 2,
            "x": 0,
            "y": 4
        },
        {
            "id": 3,
            "x": 0,
            "y": 6
        },
        {
            "id": 4,
            "x": 2,
            "y": 0
        },
        {
            "id": 5,
            "x": 2,
            "y": 2
        },
        {
            "id": 6,
            "x": 2,
            "y": 4
        },
        {
            "id": 7,
            "x": 2,
            "y": 6
        },
        {
            "id": 8,
            "x": 4,
            "y": 0
        },
        {
            "id": 9,
            "x": 4,
            "y": 2
        },
        {
            "id": 10,
            "x": 4,
            "y": 4
        },
        {
            "id": 11,
            "x": 4,
            "y": 6
        },
        {
            "id": 12,
            "x": 6,
            "y": 0
        },
        {
            "id": 13,
            "x": 6,
            "y": 2
        },
        {
            "id": 14,
            "x": 6,
            "y": 4
        },
        {
            "id": 15,
            "x": 6,
            "y": 6
        },
        {
            "id": 16,
            "x": 8,
            "y": 0
        },
        {
            "id": 17,
            "x": 8,
            "y": 2
        },
        {
            "id": 18,
            "x": 8,
            "y": 4
        },
        {
            "id": 19,
            "x": 8,
            "y": 6
        }
    ],
    "width": 10,
    "height": 10
}