{"edges":[{"source":0,"target":4},{"source":4,"target":1},{"source":1,"target":5},{"source":5,"target":9},{"source":9,"target":6},{"source":6,"target":10},{"source":10,"target":14},{"source":14,"target":11},{"source":11,"target":15},{"source":15,"target":19},{"source":19,"target":16},{"source":16,"target":0},{"source":0,"target":1},{"source":1,"target":2},{"source":2,"target":3},{"source":3,"target":4},{"source":4,"target":5},{"source":5,"target":6},{"source":6,"target":7},{"source":7,"target":8},{"source":8,"target":9},{"source":9,"target":10},{"source":10,"target":11},{"source":11,"target":12},{"source":12,"target":13},{"source":13,"target":14},{"source":14,"target":15},{"source":15,"target":16},{"source":16,"target":17},{"source":17,"target":18},{"source":18,"target":19},{"source":19,"target":0},{"source":1,"target":12},{"source":19,"target":8},{"source":18,"target":9},{"source":2,"target":11},{"source":3,"target":14},{"source":4,"target":13},{"source":6,"target":17},{"source":7,"target":16}],"height":20,"nodes":[{"id":0,"x":10.0,"y":5.0},{"id":1,"x":11.0,"y":10.0},{"id":2,"x":6.0,"y":11.0},{"id":3,"x":13.0,"y":9.0},{"id":4,"x":8.0,"y":0.0},{"id":5,"x":3.0,"y":7.0},{"id":6,"x":0.0,"y":8.0},{"id":7,"x":9.0,"y":13.0},{"id":8,"x":5.0,"y":6.0},{"id":9,"x":3.0,"y":9.0},{"id":10,"x":11.0,"y":6.0},{"id":11,"x":7.0,"y":3.0},{"id":12,"x":7.0,"y":13.0},{"id":13,"x":9.0,"y":3.0},{"id":14,"x":6.0,"y":5.0},{"id":15,"x":13.0,"y":7.0},{"id":16,"x":10.0,"y":11.0},{"id":17,"x":8.0,"y":16.0},{"id":18,"x":16.0,"y":8.0},{"id":19,"x":5.0,"y":10.0}],"points":[{"id":0,"x":0.0,"y":8.0},{"id":1,"x":3.0,"y":9.0},{"id":2,"x":5.0,"y":10.0},{"id":3,"x":6.0,"y":11.0},{"id":4,"x":7.0,"y":13.0},{"id":5,"x":8.0,"y":16.0},{"id":6,"x":9.0,"y":13.0},{"id":7,"x":10.0,"y":11.0},{"id":8,"x":11.0,"y":10.0},{"id":9,"x":13.0,"y":9.0},{"id":10,"x":16.0,"y":8.0},{"id":11,"x":13.0,"y":7.0},{"id":12,"x":11.0,"y":6.0},{"id":13,"x":10.0,"y":5.0},{"id":14,"x":9.0,"y":3.0},{"id":15,"x":8.0,"y":0.0},{"id":16,"x":7.0,"y":3.0},{"id":17,"x":6.0,"y":5.0},{"id":18,"x":5.0,"y":6.0},{"id":19,"x":3.0,"y":7.0}],"width":20}