{"edges":[{"source":0,"target":1},{"source":1,"target":2},{"source":2,"target":3},{"source":3,"target":4},{"source":5,"target":6},{"source":6,"target":7},{"source":7,"target":8},{"source":8,"target":9},{"source":15,"target":16},{"source":16,"target":17},{"source":17,"target":18},{"source":18,"target":19},{"source":20,"target":21},{"source":21,"target":22},{"source":22,"target":23},{"source":23,"target":24},{"source":0,"target":9},{"source":9,"target":10},{"source":10,"target":19},{"source":19,"target":24},{"source":1,"target":8},{"source":8,"target":11},{"source":11,"target":18},{"source":18,"target":23},{"source":2,"target":7},{"source":7,"target":12},{"source":12,"target":17},{"source":17,"target":22},{"source":3,"target":6},{"source":6,"target":13},{"source":13,"target":16},{"source":16,"target":21},{"source":4,"target":5},{"source":5,"target":14},{"source":14,"target":15},{"source":15,"target":20},{"source":1,"target":9},{"source":1,"target":7},{"source":2,"target":8},{"source":2,"target":6},{"source":3,"target":7},{"source":3,"target":5},{"source":5,"target":13},{"source":6,"target":14},{"source":7,"target":13},{"source":6,"target":12},{"source":7,"target":11},{"source":8,"target":12},{"source":8,"target":10},{"source":9,"target":11},{"source":14,"target":16},{"source":13,"target":15},{"source":13,"target":17},{"source":12,"target":16},{"source":11,"target":17},{"source":12,"target":18},{"source":10,"target":18},{"source":11,"target":19},{"source":19,"target":23},{"source":18,"target":22},{"source":23,"target":17},{"source":22,"target":16},{"source":21,"target":17},{"source":21,"target":15}],"height":20,"nodes":[{"id":0,"x":0.0,"y":0.0},{"id":1,"x":16.0,"y":0.0},{"id":2,"x":4.0,"y":12.0},{"id":3,"x":4.0,"y":16.0},{"id":4,"x":0.0,"y":8.0},{"id":5,"x":0.0,"y":12.0},{"id":6,"x":12.0,"y":0.0},{"id":7,"x":8.0,"y":8.0},{"id":8,"x":16.0,"y":16.0},{"id":9,"x":16.0,"y":8.0},{"id":10,"x":8.0,"y":12.0},{"id":11,"x":16.0,"y":12.0},{"id":12,"x":4.0,"y":4.0},{"id":13,"x":4.0,"y":0.0},{"id":14,"x":4.0,"y":8.0},{"id":15,"x":8.0,"y":16.0},{"id":16,"x":0.0,"y":16.0},{"id":17,"x":0.0,"y":4.0},{"id":18,"x":12.0,"y":8.0},{"id":19,"x":16.0,"y":4.0},{"id":20,"x":12.0,"y":16.0},{"id":21,"x":8.0,"y":0.0},{"id":22,"x":12.0,"y":12.0},{"id":23,"x":12.0,"y":4.0},{"id":24,"x":8.0,"y":4.0}],"points":[{"id":0,"x":0.0,"y":0.0},{"id":1,"x":4.0,"y":0.0},{"id":2,"x":8.0,"y":0.0},{"id":3,"x":12.0,"y":0.0},{"id":4,"x":16.0,"y":0.0},{"id":5,"x":0.0,"y":4.0},{"id":6,"x":4.0,"y":4.0},{"id":7,"x":8.0,"y":4.0},{"id":8,"x":12.0,"y":4.0},{"id":9,"x":16.0,"y":4.0},{"id":10,"x":0.0,"y":8.0},{"id":11,"x":4.0,"y":8.0},{"id":12,"x":8.0,"y":8.0},{"id":13,"x":12.0,"y":8.0},{"id":14,"x":16.0,"y":8.0},{"id":15,"x":0.0,"y":12.0},{"id":16,"x":4.0,"y":12.0},{"id":17,"x":8.0,"y":12.0},{"id":18,"x":12.0,"y":12.0},{"id":19,"x":16.0,"y":12.0},{"id":20,"x":0.0,"y":16.0},{"id":21,"x":4.0,"y":16.0},{"id":22,"x":8.0,"y":16.0},{"id":23,"x":12.0,"y":16.0},{"id":24,"x":16.0,"y":16.0}],"width":20}