{"edges":[{"source":0,"target":15},{"source":0,"target":18},{"source":1,"target":13},{"source":1,"target":15},{"source":1,"target":16},{"source":1,"target":18},{"source":1,"target":19},{"source":2,"target":11},{"source":2,"target":13},{"source":2,"target":16},{"source":2,"target":18},{"source":2,"target":19},{"source":3,"target":11},{"source":3,"target":12},{"source":3,"target":14},{"source":3,"target":15},{"source":3,"target":18},{"source":3,"target":19},{"source":4,"target":13},{"source":4,"target":14},{"source":4,"target":15},{"source":4,"target":16},{"source":4,"target":17},{"source":5,"target":11},{"source":5,"target":16},{"source":5,"target":18},{"source":6,"target":12},{"source":6,"target":13},{"source":6,"target":14},{"source":6,"target":15},{"source":6,"target":16},{"source":6,"target":17},{"source":6,"target":19},{"source":7,"target":13},{"source":7,"target":14},{"source":7,"target":16},{"source":8,"target":11},{"source":8,"target":12},{"source":8,"target":13},{"source":8,"target":16},{"source":9,"target":12},{"source":9,"target":13},{"source":9,"target":16},{"source":9,"target":18},{"source":9,"target":19},{"source":0,"target":11}],"height":194,"nodes":[{"id":0,"x":0.0,"y":182.0},{"id":1,"x":28.0,"y":49.0},{"id":2,"x":6.0,"y":30.0},{"id":3,"x":6.0,"y":169.0},{"id":4,"x":28.0,"y":150.0},{"id":5,"x":13.0,"y":40.0},{"id":6,"x":36.0,"y":151.0},{"id":7,"x":44.0,"y":43.0},{"id":8,"x":63.0,"y":6.0},{"id":9,"x":51.0,"y":165.0},{"id":10,"x":63.0,"y":193.0},{"id":11,"x":0.0,"y":17.0},{"id":12,"x":57.0,"y":178.0},{"id":13,"x":51.0,"y":34.0},{"id":14,"x":36.0,"y":48.0},{"id":15,"x":20.0,"y":152.0},{"id":16,"x":57.0,"y":21.0},{"id":17,"x":44.0,"y":156.0},{"id":18,"x":20.0,"y":47.0},{"id":19,"x":13.0,"y":159.0}],"points":[{"id":0,"x":63.0,"y":193.0},{"id":1,"x":63.0,"y":6.0},{"id":2,"x":57.0,"y":178.0},{"id":3,"x":57.0,"y":21.0},{"id":4,"x":51.0,"y":165.0},{"id":5,"x":51.0,"y":34.0},{"id":6,"x":44.0,"y":156.0},{"id":7,"x":44.0,"y":43.0},{"id":8,"x":36.0,"y":151.0},{"id":9,"x":36.0,"y":48.0},{"id":10,"x":28.0,"y":150.0},{"id":11,"x":28.0,"y":49.0},{"id":12,"x":20.0,"y":152.0},{"id":13,"x":20.0,"y":47.0},{"id":14,"x":13.0,"y":159.0},{"id":15,"x":13.0,"y":40.0},{"id":16,"x":6.0,"y":169.0},{"id":17,"x":6.0,"y":30.0},{"id":18,"x":0.0,"y":182.0},{"id":19,"x":0.0,"y":17.0}],"width":64}