{"edges":[{"source":0,"target":1},{"source":1,"target":2},{"source":2,"target":3},{"source":3,"target":4},{"source":4,"target":5},{"source":5,"target":6},{"source":6,"target":7},{"source":7,"target":8},{"source":8,"target":9},{"source":9,"target":10},{"source":10,"target":11},{"source":11,"target":12},{"source":12,"target":13},{"source":13,"target":14},{"source":14,"target":15},{"source":15,"target":16},{"source":16,"target":17},{"source":17,"target":18},{"source":18,"target":19},{"source":0,"target":2},{"source":1,"target":3},{"source":2,"target":4},{"source":3,"target":5},{"source":4,"target":6},{"source":5,"target":7},{"source":6,"target":8},{"source":7,"target":9},{"source":8,"target":10},{"source":9,"target":11},{"source":10,"target":12},{"source":11,"target":13},{"source":12,"target":14},{"source":13,"target":15},{"source":14,"target":16},{"source":15,"target":17},{"source":16,"target":18},{"source":17,"target":19},{"source":0,"target":3},{"source":1,"target":4},{"source":2,"target":5},{"source":3,"target":6},{"source":4,"target":7},{"source":5,"target":8},{"source":6,"target":9},{"source":7,"target":10},{"source":8,"target":11},{"source":9,"target":12},{"source":10,"target":13},{"source":11,"target":14},{"source":12,"target":15},{"source":13,"target":16},{"source":14,"target":17},{"source":15,"target":18},{"source":16,"target":19}],"height":20,"nodes":[{"id":0,"x":34.0,"y":0.0},{"id":1,"x":22.0,"y":0.0},{"id":2,"x":16.0,"y":19.0},{"id":3,"x":22.0,"y":0.0},{"id":4,"x":10.0,"y":0.0},{"id":5,"x":12.0,"y":7.0},{"id":6,"x":10.0,"y":0.0},{"id":7,"x":16.0,"y":19.0},{"id":8,"x":16.0,"y":19.0},{"id":9,"x":22.0,"y":0.0},{"id":10,"x":12.0,"y":7.0},{"id":11,"x":12.0,"y":7.0},{"id":12,"x":24.0,"y":4.0},{"id":13,"x":18.0,"y":14.0},{"id":14,"x":12.0,"y":7.0},{"id":15,"x":18.0,"y":14.0},{"id":16,"x":18.0,"y":14.0},{"id":17,"x":18.0,"y":14.0},{"id":18,"x":18.0,"y":14.0},{"id":19,"x":18.0,"y":14.0}],"points":[{"id":0,"x":0.0,"y":10.0},{"id":1,"x":2.0,"y":18.0},{"id":2,"x":4.0,"y":19.0},{"id":3,"x":6.0,"y":11.0},{"id":4,"x":8.0,"y":2.0},{"id":5,"x":10.0,"y":0.0},{"id":6,"x":12.0,"y":7.0},{"id":7,"x":14.0,"y":16.0},{"id":8,"x":16.0,"y":19.0},{"id":9,"x":18.0,"y":14.0},{"id":10,"x":20.0,"y":4.0},{"id":11,"x":22.0,"y":0.0},{"id":12,"x":24.0,"y":4.0},{"id":13,"x":26.0,"y":14.0},{"id":14,"x":28.0,"y":19.0},{"id":15,"x":30.0,"y":16.0},{"id":16,"x":32.0,"y":7.0},{"id":17,"x":34.0,"y":0.0},{"id":18,"x":36.0,"y":2.0},{"id":19,"x":38.0,"y":11.0}],"width":39}