{"edges":[{"source":0,"target":83},{"source":0,"target":88},{"source":0,"target":92},{"source":0,"target":94},{"source":0,"target":97},{"source":0,"target":110},{"source":0,"target":113},{"source":0,"target":115},{"source":0,"target":120},{"source":0,"target":121},{"source":0,"target":123},{"source":0,"target":125},{"source":0,"target":126},{"source":0,"target":127},{"source":0,"target":134},{"source":0,"target":136},{"source":0,"target":141},{"source":0,"target":142},{"source":0,"target":143},{"source":0,"target":144},{"source":0,"target":145},{"source":0,"target":148},{"source":0,"target":150},{"source":0,"target":151},{"source":0,"target":152},{"source":0,"target":154},{"source":0,"target":156},{"source":0,"target":157},{"source":1,"target":81},{"source":1,"target":83},{"source":1,"target":84},{"source":1,"target":85},{"source":1,"target":89},{"source":1,"target":91},{"source":1,"target":94},{"source":1,"target":95},{"source":1,"target":96},{"source":1,"target":98},{"source":1,"target":99},{"source":1,"target":101},{"source":1,"target":102},{"source":1,"target":107},{"source":1,"target":119},{"source":1,"target":120},{"source":1,"target":126},{"source":1,"target":128},{"source":1,"target":129},{"source":1,"target":130},{"source":1,"target":135},{"source":1,"target":140},{"source":1,"target":141},{"source":1,"target":143},{"source":1,"target":146},{"source":1,"target":149},{"source":1,"target":152},{"source":1,"target":154},{"source":1,"target":156},{"source":1,"target":159},{"source":2,"target":87},{"source":2,"target":88},{"source":2,"target":92},{"source":2,"target":99},{"source":2,"target":101},{"source":2,"target":103},{"source":2,"target":106},{"source":2,"target":109},{"source":2,"target":112},{"source":2,"target":116},{"source":2,"target":118},{"source":2,"target":125},{"source":2,"target":126},{"source":2,"target":129},{"source":2,"target":133},{"source":2,"target":134},{"source":2,"target":136},{"source":2,"target":138},{"source":2,"target":140},{"source":2,"target":141},{"source":2,"target":142},{"source":2,"target":144},{"source":2,"target":147},{"source":2,"target":150},{"source":2,"target":152},{"source":2,"target":153},{"source":2,"target":154},{"source":2,"target":155},{"source":2,"target":159},{"source":3,"target":83},{"source":3,"target":84},{"source":3,"target":86},{"source":3,"target":91},{"source":3,"target":92},{"source":3,"target":94},{"source":3,"target":95},{"source":3,"target":96},{"source":3,"target":97},{"source":3,"target":98},{"source":3,"target":99},{"source":3,"target":102},{"source":3,"target":103},{"source":3,"target":104},{"source":3,"target":106},{"source":3,"target":107},{"source":3,"target":109},{"source":3,"target":110},{"source":3,"target":111},{"source":3,"target":114},{"source":3,"target":120},{"source":3,"target":128},{"source":3,"target":129},{"source":3,"target":132},{"source":3,"target":135},{"source":3,"target":136},{"source":3,"target":137},{"source":3,"target":139},{"source":3,"target":140},{"source":3,"target":147},{"source":3,"target":154},{"source":4,"target":84},{"source":4,"target":88},{"source":4,"target":91},{"source":4,"target":93},{"source":4,"target":98},{"source":4,"target":100},{"source":4,"target":103},{"source":4,"target":108},{"source":4,"target":110},{"source":4,"target":113},{"source":4,"target":114},{"source":4,"target":117},{"source":4,"target":119},{"source":4,"target":120},{"source":4,"target":123},{"source":4,"target":135},{"source":4,"target":136},{"source":4,"target":140},{"source":4,"target":142},{"source":4,"target":143},{"source":4,"target":145},{"source":4,"target":148},{"source":4,"target":151},{"source":4,"target":153},{"source":4,"target":155},{"source":4,"target":156},{"source":5,"target":82},{"source":5,"target":85},{"source":5,"target":86},{"source":5,"target":88},{"source":5,"target":92},{"source":5,"target":93},{"source":5,"target":98},{"source":5,"target":99},{"source":5,"target":106},{"source":5,"target":107},{"source":5,"target":108},{"source":5,"target":111},{"source":5,"target":112},{"source":5,"target":113},{"source":5,"target":117},{"source":5,"target":119},{"source":5,"target":120},{"source":5,"target":127},{"source":5,"target":130},{"source":5,"target":132},{"source":5,"target":135},{"source":5,"target":137},{"source":5,"target":141},{"source":5,"target":147},{"source":5,"target":150},{"source":5,"target":157},{"source":5,"target":158},{"source":5,"target":159},{"source":6,"target":81},{"source":6,"target":85},{"source":6,"target":86},{"source":6,"target":88},{"source":6,"target":89},{"source":6,"target":91},{"source":6,"target":94},{"source":6,"target":98},{"source":6,"target":106},{"source":6,"target":107},{"source":6,"target":110},{"source":6,"target":114},{"source":6,"target":116},{"source":6,"target":118},{"source":6,"target":121},{"source":6,"target":123},{"source":6,"target":127},{"source":6,"target":129},{"source":6,"target":131},{"source":6,"target":134},{"source":6,"target":137},{"source":6,"target":138},{"source":6,"target":142},{"source":6,"target":144},{"source":6,"target":147},{"source":6,"target":152},{"source":6,"target":154},{"source":6,"target":156},{"source":6,"target":158},{"source":6,"target":159},{"source":7,"target":81},{"source":7,"target":87},{"source":7,"target":88},{"source":7,"target":91},{"source":7,"target":96},{"source":7,"target":97},{"source":7,"target":99},{"source":7,"target":102},{"source":7,"target":105},{"source":7,"target":106},{"source":7,"target":113},{"source":7,"target":118},{"source":7,"target":121},{"source":7,"target":125},{"source":7,"target":126},{"source":7,"target":128},{"source":7,"target":129},{"source":7,"target":130},{"source":7,"target":132},{"source":7,"target":135},{"source":7,"target":136},{"source":7,"target":139},{"source":7,"target":140},{"source":7,"target":141},{"source":7,"target":145},{"source":7,"target":149},{"source":7,"target":153},{"source":7,"target":156},{"source":7,"target":158},{"source":7,"target":159},{"source":8,"target":81},{"source":8,"target":84},{"source":8,"target":92},{"source":8,"target":94},{"source":8,"target":97},{"source":8,"target":98},{"source":8,"target":108},{"source":8,"target":109},{"source":8,"target":110},{"source":8,"target":113},{"source":8,"target":116},{"source":8,"target":118},{"source":8,"target":119},{"source":8,"target":120},{"source":8,"target":122},{"source":8,"target":123},{"source":8,"target":124},{"source":8,"target":128},{"source":8,"target":129},{"source":8,"target":130},{"source":8,"target":134},{"source":8,"target":136},{"source":8,"target":138},{"source":8,"target":140},{"source":8,"target":142},{"source":8,"target":143},{"source":8,"target":145},{"source":8,"target":151},{"source":8,"target":152},{"source":8,"target":155},{"source":8,"target":156},{"source":8,"target":157},{"source":8,"target":158},{"source":9,"target":81},{"source":9,"target":89},{"source":9,"target":91},{"source":9,"target":93},{"source":9,"target":94},{"source":9,"target":104},{"source":9,"target":105},{"source":9,"target":107},{"source":9,"target":108},{"source":9,"target":112},{"source":9,"target":113},{"source":9,"target":116},{"source":9,"target":118},{"source":9,"target":120},{"source":9,"target":124},{"source":9,"target":125},{"source":9,"target":129},{"source":9,"target":130},{"source":9,"target":134},{"source":9,"target":137},{"source":9,"target":140},{"source":9,"target":147},{"source":9,"target":149},{"source":9,"target":152},{"source":9,"target":154},{"source":9,"target":159},{"source":10,"target":86},{"source":10,"target":90},{"source":10,"target":91},{"source":10,"target":93},{"source":10,"target":94},{"source":10,"target":95},{"source":10,"target":96},{"source":10,"target":98},{"source":10,"target":99},{"source":10,"target":101},{"source":10,"target":102},{"source":10,"target":104},{"source":10,"target":105},{"source":10,"target":106},{"source":10,"target":108},{"source":10,"target":110},{"source":10,"target":111},{"source":10,"target":113},{"source":10,"target":115},{"source":10,"target":119},{"source":10,"target":128},{"source":10,"target":129},{"source":10,"target":130},{"source":10,"target":133},{"source":10,"target":137},{"source":10,"target":140},{"source":10,"target":141},{"source":10,"target":142},{"source":10,"target":145},{"source":10,"target":149},{"source":10,"target":154},{"source":10,"target":156},{"source":11,"target":82},{"source":11,"target":85},{"source":11,"target":87},{"source":11,"target":89},{"source":11,"target":93},{"source":11,"target":95},{"source":11,"target":96},{"source":11,"target":99},{"source":11,"target":100},{"source":11,"target":102},{"source":11,"target":104},{"source":11,"target":105},{"source":11,"target":106},{"source":11,"target":108},{"source":11,"target":109},{"source":11,"target":110},{"source":11,"target":113},{"source":11,"target":115},{"source":11,"target":116},{"source":11,"target":117},{"source":11,"target":118},{"source":11,"target":120},{"source":11,"target":125},{"source":11,"target":127},{"source":11,"target":130},{"source":11,"target":135},{"source":11,"target":136},{"source":11,"target":137},{"source":11,"target":138},{"source":11,"target":140},{"source":11,"target":141},{"source":11,"target":142},{"source":11,"target":143},{"source":11,"target":149},{"source":11,"target":151},{"source":11,"target":154},{"source":11,"target":155},{"source":11,"target":158},{"source":12,"target":81},{"source":12,"target":82},{"source":12,"target":83},{"source":12,"target":85},{"source":12,"target":88},{"source":12,"target":89},{"source":12,"target":90},{"source":12,"target":92},{"source":12,"target":98},{"source":12,"target":100},{"source":12,"target":104},{"source":12,"target":107},{"source":12,"target":113},{"source":12,"target":114},{"source":12,"target":115},{"source":12,"target":117},{"source":12,"target":118},{"source":12,"target":120},{"source":12,"target":121},{"source":12,"target":122},{"source":12,"target":126},{"source":12,"target":129},{"source":12,"target":132},{"source":12,"target":137},{"source":12,"target":141},{"source":12,"target":143},{"source":12,"target":144},{"source":12,"target":146},{"source":12,"target":148},{"source":12,"target":150},{"source":12,"target":152},{"source":12,"target":155},{"source":12,"target":156},{"source":12,"target":157},{"source":12,"target":158},{"source":13,"target":82},{"source":13,"target":83},{"source":13,"target":87},{"source":13,"target":88},{"source":13,"target":89},{"source":13,"target":91},{"source":13,"target":92},{"source":13,"target":93},{"source":13,"target":96},{"source":13,"target":97},{"source":13,"target":109},{"source":13,"target":111},{"source":13,"target":114},{"source":13,"target":117},{"source":13,"target":119},{"source":13,"target":120},{"source":13,"target":121},{"source":13,"target":124},{"source":13,"target":126},{"source":13,"target":128},{"source":13,"target":131},{"source":13,"target":136},{"source":13,"target":137},{"source":13,"target":142},{"source":13,"target":144},{"source":13,"target":145},{"source":13,"target":146},{"source":13,"target":150},{"source":13,"target":151},{"source":13,"target":152},{"source":13,"target":153},{"source":13,"target":154},{"source":13,"target":157},{"source":14,"target":82},{"source":14,"target":86},{"source":14,"target":89},{"source":14,"target":91},{"source":14,"target":92},{"source":14,"target":96},{"source":14,"target":98},{"source":14,"target":99},{"source":14,"target":101},{"source":14,"target":104},{"source":14,"target":105},{"source":14,"target":107},{"source":14,"target":108},{"source":14,"target":116},{"source":14,"target":117},{"source":14,"target":118},{"source":14,"target":119},{"source":14,"target":121},{"source":14,"target":122},{"source":14,"target":126},{"source":14,"target":129},{"source":14,"target":131},{"source":14,"target":133},{"source":14,"target":141},{"source":14,"target":148},{"source":14,"target":150},{"source":14,"target":152},{"source":14,"target":153},{"source":14,"target":155},{"source":14,"target":157},{"source":14,"target":158},{"source":15,"target":81},{"source":15,"target":82},{"source":15,"target":84},{"source":15,"target":87},{"source":15,"target":91},{"source":15,"target":92},{"source":15,"target":96},{"source":15,"target":97},{"source":15,"target":101},{"source":15,"target":104},{"source":15,"target":107},{"source":15,"target":108},{"source":15,"target":109},{"source":15,"target":112},{"source":15,"target":115},{"source":15,"target":117},{"source":15,"target":124},{"source":15,"target":128},{"source":15,"target":129},{"source":15,"target":132},{"source":15,"target":135},{"source":15,"target":138},{"source":15,"target":139},{"source":15,"target":141},{"source":15,"target":142},{"source":15,"target":147},{"source":15,"target":148},{"source":15,"target":149},{"source":15,"target":150},{"source":15,"target":151},{"source":15,"target":159},{"source":16,"target":83},{"source":16,"target":85},{"source":16,"target":87},{"source":16,"target":89},{"source":16,"target":91},{"source":16,"target":94},{"source":16,"target":97},{"source":16,"target":99},{"source":16,"target":100},{"source":16,"target":101},{"source":16,"target":102},{"source":16,"target":103},{"source":16,"target":104},{"source":16,"target":106},{"source":16,"target":107},{"source":16,"target":111},{"source":16,"target":114},{"source":16,"target":120},{"source":16,"target":127},{"source":16,"target":130},{"source":16,"target":132},{"source":16,"target":135},{"source":16,"target":137},{"source":16,"target":138},{"source":16,"target":139},{"source":16,"target":141},{"source":16,"target":142},{"source":16,"target":143},{"source":16,"target":146},{"source":16,"target":149},{"source":16,"target":152},{"source":16,"target":155},{"source":16,"target":156},{"source":16,"target":157},{"source":17,"target":82},{"source":17,"target":88},{"source":17,"target":89},{"source":17,"target":90},{"source":17,"target":101},{"source":17,"target":102},{"source":17,"target":104},{"source":17,"target":107},{"source":17,"target":109},{"source":17,"target":110},{"source":17,"target":111},{"source":17,"target":114},{"source":17,"target":118},{"source":17,"target":122},{"source":17,"target":123},{"source":17,"target":124},{"source":17,"target":125},{"source":17,"target":130},{"source":17,"target":141},{"source":17,"target":149},{"source":17,"target":154},{"source":17,"target":155},{"source":17,"target":157},{"source":17,"target":158},{"source":17,"target":159},{"source":18,"target":81},{"source":18,"target":83},{"source":18,"target":84},{"source":18,"target":85},{"source":18,"target":86},{"source":18,"target":88},{"source":18,"target":91},{"source":18,"target":92},{"source":18,"target":95},{"source":18,"target":98},{"source":18,"target":103},{"source":18,"target":106},{"source":18,"target":108},{"source":18,"target":112},{"source":18,"target":115},{"source":18,"target":116},{"source":18,"target":117},{"source":18,"target":118},{"source":18,"target":120},{"source":18,"target":121},{"source":18,"target":122},{"source":18,"target":126},{"source":18,"target":127},{"source":18,"target":129},{"source":18,"target":130},{"source":18,"target":132},{"source":18,"target":133},{"source":18,"target":134},{"source":18,"target":141},{"source":18,"target":142},{"source":18,"target":143},{"source":18,"target":144},{"source":18,"target":145},{"source":18,"target":148},{"source":18,"target":149},{"source":18,"target":150},{"source":18,"target":152},{"source":18,"target":154},{"source":18,"target":155},{"source":18,"target":159},{"source":19,"target":81},{"source":19,"target":84},{"source":19,"target":86},{"source":19,"target":87},{"source":19,"target":88},{"source":19,"target":92},{"source":19,"target":93},{"source":19,"target":94},{"source":19,"target":95},{"source":19,"target":102},{"source":19,"target":106},{"source":19,"target":114},{"source":19,"target":117},{"source":19,"target":123},{"source":19,"target":124},{"source":19,"target":125},{"source":19,"target":128},{"source":19,"target":129},{"source":19,"target":132},{"source":19,"target":134},{"source":19,"target":136},{"source":19,"target":141},{"source":19,"target":142},{"source":19,"target":144},{"source":19,"target":145},{"source":19,"target":146},{"source":19,"target":147},{"source":19,"target":151},{"source":19,"target":152},{"source":19,"target":153},{"source":19,"target":158},{"source":20,"target":83},{"source":20,"target":84},{"source":20,"target":85},{"source":20,"target":86},{"source":20,"target":89},{"source":20,"target":95},{"source":20,"target":97},{"source":20,"target":100},{"source":20,"target":102},{"source":20,"target":108},{"source":20,"target":109},{"source":20,"target":112},{"source":20,"target":116},{"source":20,"target":118},{"source":20,"target":119},{"source":20,"target":122},{"source":20,"target":123},{"source":20,"target":124},{"source":20,"target":126},{"source":20,"target":127},{"source":20,"target":130},{"source":20,"target":131},{"source":20,"target":132},{"source":20,"target":133},{"source":20,"target":135},{"source":20,"target":141},{"source":20,"target":143},{"source":20,"target":148},{"source":20,"target":150},{"source":21,"target":81},{"source":21,"target":83},{"source":21,"target":84},{"source":21,"target":85},{"source":21,"target":86},{"source":21,"target":87},{"source":21,"target":93},{"source":21,"target":99},{"source":21,"target":100},{"source":21,"target":102},{"source":21,"target":105},{"source":21,"target":111},{"source":21,"target":119},{"source":21,"target":120},{"source":21,"target":127},{"source":21,"target":134},{"source":21,"target":135},{"source":21,"target":136},{"source":21,"target":138},{"source":21,"target":146},{"source":21,"target":148},{"source":21,"target":150},{"source":21,"target":151},{"source":21,"target":152},{"source":21,"target":153},{"source":21,"target":155},{"source":21,"target":156},{"source":21,"target":157},{"source":21,"target":159},{"source":22,"target":83},{"source":22,"target":88},{"source":22,"target":89},{"source":22,"target":95},{"source":22,"target":98},{"source":22,"target":99},{"source":22,"target":102},{"source":22,"target":103},{"source":22,"target":104},{"source":22,"target":108},{"source":22,"target":110},{"source":22,"target":112},{"source":22,"target":114},{"source":22,"target":115},{"source":22,"target":117},{"source":22,"target":120},{"source":22,"target":122},{"source":22,"target":124},{"source":22,"target":126},{"source":22,"target":129},{"source":22,"target":130},{"source":22,"target":131},{"source":22,"target":133},{"source":22,"target":135},{"source":22,"target":139},{"source":22,"target":142},{"source":22,"target":143},{"source":22,"target":147},{"source":22,"target":150},{"source":22,"target":152},{"source":22,"target":153},{"source":22,"target":156},{"source":22,"target":157},{"source":22,"target":159},{"source":23,"target":81},{"source":23,"target":85},{"source":23,"target":87},{"source":23,"target":88},{"source":23,"target":89},{"source":23,"target":90},{"source":23,"target":93},{"source":23,"target":94},{"source":23,"target":95},{"source":23,"target":96},{"source":23,"target":100},{"source":23,"target":103},{"source":23,"target":104},{"source":23,"target":109},{"source":23,"target":111},{"source":23,"target":112},{"source":23,"target":113},{"source":23,"target":114},{"source":23,"target":117},{"source":23,"target":120},{"source":23,"target":124},{"source":23,"target":125},{"source":23,"target":126},{"source":23,"target":129},{"source":23,"target":131},{"source":23,"target":141},{"source":23,"target":142},{"source":23,"target":143},{"source":23,"target":144},{"source":23,"target":145},{"source":23,"target":148},{"source":23,"target":153},{"source":23,"target":154},{"source":23,"target":155},{"source":23,"target":157},{"source":23,"target":159},{"source":24,"target":81},{"source":24,"target":87},{"source":24,"target":92},{"source":24,"target":93},{"source":24,"target":96},{"source":24,"target":97},{"source":24,"target":98},{"source":24,"target":100},{"source":24,"target":106},{"source":24,"target":113},{"source":24,"target":118},{"source":24,"target":127},{"source":24,"target":129},{"source":24,"target":131},{"source":24,"target":137},{"source":24,"target":140},{"source":24,"target":142},{"source":24,"target":143},{"source":24,"target":147},{"source":24,"target":148},{"source":24,"target":150},{"source":24,"target":159},{"source":25,"target":82},{"source":25,"target":83},{"source":25,"target":84},{"source":25,"target":86},{"source":25,"target":89},{"source":25,"target":96},{"source":25,"target":98},{"source":25,"target":102},{"source":25,"target":105},{"source":25,"target":106},{"source":25,"target":108},{"source":25,"target":114},{"source":25,"target":116},{"source":25,"target":117},{"source":25,"target":119},{"source":25,"target":120},{"source":25,"target":121},{"source":25,"target":124},{"source":25,"target":126},{"source":25,"target":127},{"source":25,"target":128},{"source":25,"target":131},{"source":25,"target":133},{"source":25,"target":136},{"source":25,"target":140},{"source":25,"target":141},{"source":25,"target":142},{"source":25,"target":143},{"source":25,"target":145},{"source":25,"target":146},{"source":25,"target":150},{"source":25,"target":155},{"source":26,"target":82},{"source":26,"target":83},{"source":26,"target":84},{"source":26,"target":90},{"source":26,"target":92},{"source":26,"target":97},{"source":26,"target":98},{"source":26,"target":100},{"source":26,"target":101},{"source":26,"target":103},{"source":26,"target":107},{"source":26,"target":108},{"source":26,"target":110},{"source":26,"target":112},{"source":26,"target":114},{"source":26,"target":117},{"source":26,"target":120},{"source":26,"target":124},{"source":26,"target":125},{"source":26,"target":127},{"source":26,"target":129},{"source":26,"target":131},{"source":26,"target":132},{"source":26,"target":133},{"source":26,"target":134},{"source":26,"target":135},{"source":26,"target":136},{"source":26,"target":137},{"source":26,"target":138},{"source":26,"target":145},{"source":26,"target":148},{"source":26,"target":150},{"source":26,"target":155},{"source":26,"target":159},{"source":27,"target":82},{"source":27,"target":83},{"source":27,"target":85},{"source":27,"target":86},{"source":27,"target":87},{"source":27,"target":88},{"source":27,"target":89},{"source":27,"target":90},{"source":27,"target":92},{"source":27,"target":95},{"source":27,"target":98},{"source":27,"target":99},{"source":27,"target":100},{"source":27,"target":103},{"source":27,"target":107},{"source":27,"target":108},{"source":27,"target":109},{"source":27,"target":110},{"source":27,"target":113},{"source":27,"target":114},{"source":27,"target":115},{"source":27,"target":117},{"source":27,"target":118},{"source":27,"target":119},{"source":27,"target":121},{"source":27,"target":126},{"source":27,"target":128},{"source":27,"target":129},{"source":27,"target":130},{"source":27,"target":133},{"source":27,"target":140},{"source":27,"target":144},{"source":27,"target":151},{"source":28,"target":81},{"source":28,"target":82},{"source":28,"target":84},{"source":28,"target":88},{"source":28,"target":89},{"source":28,"target":90},{"source":28,"target":93},{"source":28,"target":97},{"source":28,"target":102},{"source":28,"target":103},{"source":28,"target":116},{"source":28,"target":117},{"source":28,"target":120},{"source":28,"target":122},{"source":28,"target":130},{"source":28,"target":132},{"source":28,"target":133},{"source":28,"target":135},{"source":28,"target":136},{"source":28,"target":138},{"source":28,"target":139},{"source":28,"target":142},{"source":28,"target":145},{"source":28,"target":146},{"source":28,"target":150},{"source":28,"target":151},{"source":28,"target":153},{"source":28,"target":157},{"source":29,"target":81},{"source":29,"target":84},{"source":29,"target":85},{"source":29,"target":91},{"source":29,"target":97},{"source":29,"target":102},{"source":29,"target":104},{"source":29,"target":107},{"source":29,"target":110},{"source":29,"target":112},{"source":29,"target":113},{"source":29,"target":114},{"source":29,"target":117},{"source":29,"target":118},{"source":29,"target":119},{"source":29,"target":120},{"source":29,"target":124},{"source":29,"target":126},{"source":29,"target":128},{"source":29,"target":129},{"source":29,"target":130},{"source":29,"target":138},{"source":29,"target":140},{"source":29,"target":142},{"source":29,"target":148},{"source":29,"target":150},{"source":29,"target":151},{"source":29,"target":156},{"source":30,"target":81},{"source":30,"target":82},{"source":30,"target":83},{"source":30,"target":87},{"source":30,"target":88},{"source":30,"target":96},{"source":30,"target":98},{"source":30,"target":104},{"source":30,"target":106},{"source":30,"target":107},{"source":30,"target":108},{"source":30,"target":109},{"source":30,"target":110},{"source":30,"target":111},{"source":30,"target":112},{"source":30,"target":113},{"source":30,"target":115},{"source":30,"target":119},{"source":30,"target":120},{"source":30,"target":124},{"source":30,"target":125},{"source":30,"target":126},{"source":30,"target":127},{"source":30,"target":133},{"source":30,"target":134},{"source":30,"target":135},{"source":30,"target":141},{"source":30,"target":147},{"source":30,"target":154},{"source":30,"target":157},{"source":31,"target":81},{"source":31,"target":82},{"source":31,"target":87},{"source":31,"target":92},{"source":31,"target":94},{"source":31,"target":95},{"source":31,"target":99},{"source":31,"target":103},{"source":31,"target":104},{"source":31,"target":105},{"source":31,"target":110},{"source":31,"target":114},{"source":31,"target":115},{"source":31,"target":116},{"source":31,"target":117},{"source":31,"target":119},{"source":31,"target":122},{"source":31,"target":125},{"source":31,"target":127},{"source":31,"target":130},{"source":31,"target":133},{"source":31,"target":134},{"source":31,"target":139},{"source":31,"target":141},{"source":31,"target":143},{"source":31,"target":144},{"source":31,"target":145},{"source":31,"target":146},{"source":31,"target":147},{"source":31,"target":148},{"source":31,"target":153},{"source":31,"target":156},{"source":31,"target":158},{"source":32,"target":81},{"source":32,"target":86},{"source":32,"target":88},{"source":32,"target":90},{"source":32,"target":91},{"source":32,"target":93},{"source":32,"target":95},{"source":32,"target":98},{"source":32,"target":101},{"source":32,"target":103},{"source":32,"target":105},{"source":32,"target":110},{"source":32,"target":111},{"source":32,"target":113},{"source":32,"target":117},{"source":32,"target":118},{"source":32,"target":121},{"source":32,"target":123},{"source":32,"target":124},{"source":32,"target":128},{"source":32,"target":129},{"source":32,"target":130},{"source":32,"target":132},{"source":32,"target":133},{"source":32,"target":136},{"source":32,"target":139},{"source":32,"target":147},{"source":32,"target":148},{"source":32,"target":152},{"source":32,"target":153},{"source":32,"target":157},{"source":33,"target":82},{"source":33,"target":83},{"source":33,"target":85},{"source":33,"target":86},{"source":33,"target":89},{"source":33,"target":92},{"source":33,"target":94},{"source":33,"target":95},{"source":33,"target":98},{"source":33,"target":101},{"source":33,"target":102},{"source":33,"target":103},{"source":33,"target":108},{"source":33,"target":110},{"source":33,"target":115},{"source":33,"target":117},{"source":33,"target":122},{"source":33,"target":123},{"source":33,"target":124},{"source":33,"target":126},{"source":33,"target":127},{"source":33,"target":129},{"source":33,"target":135},{"source":33,"target":138},{"source":33,"target":140},{"source":33,"target":141},{"source":33,"target":145},{"source":33,"target":148},{"source":33,"target":149},{"source":33,"target":155},{"source":33,"target":156},{"source":33,"target":157},{"source":34,"target":85},{"source":34,"target":86},{"source":34,"target":88},{"source":34,"target":89},{"source":34,"target":91},{"source":34,"target":95},{"source":34,"target":97},{"source":34,"target":101},{"source":34,"target":103},{"source":34,"target":105},{"source":34,"target":106},{"source":34,"target":107},{"source":34,"target":108},{"source":34,"target":109},{"source":34,"target":111},{"source":34,"target":118},{"source":34,"target":120},{"source":34,"target":121},{"source":34,"target":125},{"source":34,"target":127},{"source":34,"target":128},{"source":34,"target":133},{"source":34,"target":135},{"source":34,"target":140},{"source":34,"target":141},{"source":34,"target":149},{"source":34,"target":156},{"source":34,"target":157},{"source":34,"target":158},{"source":35,"target":81},{"source":35,"target":83},{"source":35,"target":86},{"source":35,"target":88},{"source":35,"target":89},{"source":35,"target":93},{"source":35,"target":94},{"source":35,"target":98},{"source":35,"target":99},{"source":35,"target":100},{"source":35,"target":102},{"source":35,"target":103},{"source":35,"target":105},{"source":35,"target":107},{"source":35,"target":112},{"source":35,"target":113},{"source":35,"target":119},{"source":35,"target":120},{"source":35,"target":121},{"source":35,"target":123},{"source":35,"target":131},{"source":35,"target":134},{"source":35,"target":136},{"source":35,"target":140},{"source":35,"target":141},{"source":35,"target":142},{"source":35,"target":144},{"source":35,"target":149},{"source":35,"target":150},{"source":35,"target":151},{"source":35,"target":154},{"source":35,"target":157},{"source":35,"target":158},{"source":36,"target":84},{"source":36,"target":93},{"source":36,"target":94},{"source":36,"target":96},{"source":36,"target":97},{"source":36,"target":98},{"source":36,"target":101},{"source":36,"target":102},{"source":36,"target":108},{"source":36,"target":111},{"source":36,"target":112},{"source":36,"target":113},{"source":36,"target":114},{"source":36,"target":115},{"source":36,"target":117},{"source":36,"target":118},{"source":36,"target":119},{"source":36,"target":120},{"source":36,"target":123},{"source":36,"target":125},{"source":36,"target":126},{"source":36,"target":127},{"source":36,"target":132},{"source":36,"target":133},{"source":36,"target":135},{"source":36,"target":136},{"source":36,"target":138},{"source":36,"target":139},{"source":36,"target":144},{"source":36,"target":146},{"source":36,"target":149},{"source":36,"target":152},{"source":36,"target":153},{"source":36,"target":154},{"source":36,"target":156},{"source":37,"target":83},{"source":37,"target":85},{"source":37,"target":88},{"source":37,"target":89},{"source":37,"target":97},{"source":37,"target":107},{"source":37,"target":108},{"source":37,"target":118},{"source":37,"target":121},{"source":37,"target":124},{"source":37,"target":128},{"source":37,"target":130},{"source":37,"target":136},{"source":37,"target":137},{"source":37,"target":139},{"source":37,"target":141},{"source":37,"target":143},{"source":37,"target":144},{"source":37,"target":146},{"source":37,"target":147},{"source":37,"target":148},{"source":37,"target":150},{"source":37,"target":156},{"source":37,"target":159},{"source":38,"target":82},{"source":38,"target":83},{"source":38,"target":87},{"source":38,"target":88},{"source":38,"target":90},{"source":38,"target":91},{"source":38,"target":94},{"source":38,"target":95},{"source":38,"target":97},{"source":38,"target":102},{"source":38,"target":105},{"source":38,"target":106},{"source":38,"target":107},{"source":38,"target":109},{"source":38,"target":110},{"source":38,"target":112},{"source":38,"target":115},{"source":38,"target":116},{"source":38,"target":118},{"source":38,"target":119},{"source":38,"target":121},{"source":38,"target":122},{"source":38,"target":126},{"source":38,"target":130},{"source":38,"target":134},{"source":38,"target":135},{"source":38,"target":136},{"source":38,"target":141},{"source":38,"target":143},{"source":38,"target":147},{"source":38,"target":149},{"source":38,"target":152},{"source":38,"target":154},{"source":38,"target":156},{"source":38,"target":157},{"source":38,"target":158},{"source":38,"target":159},{"source":39,"target":82},{"source":39,"target":84},{"source":39,"target":87},{"source":39,"target":89},{"source":39,"target":92},{"source":39,"target":93},{"source":39,"target":94},{"source":39,"target":96},{"source":39,"target":98},{"source":39,"target":101},{"source":39,"target":102},{"source":39,"target":103},{"source":39,"target":104},{"source":39,"target":105},{"source":39,"target":106},{"source":39,"target":109},{"source":39,"target":113},{"source":39,"target":115},{"source":39,"target":118},{"source":39,"target":119},{"source":39,"target":120},{"source":39,"target":122},{"source":39,"target":124},{"source":39,"target":129},{"source":39,"target":131},{"source":39,"target":132},{"source":39,"target":138},{"source":39,"target":143},{"source":39,"target":144},{"source":39,"target":151},{"source":39,"target":153},{"source":39,"target":154},{"source":39,"target":155},{"source":40,"target":82},{"source":40,"target":84},{"source":40,"target":87},{"source":40,"target":92},{"source":40,"target":94},{"source":40,"target":97},{"source":40,"target":98},{"source":40,"target":99},{"source":40,"target":100},{"source":40,"target":104},{"source":40,"target":107},{"source":40,"target":112},{"source":40,"target":113},{"source":40,"target":115},{"source":40,"target":120},{"source":40,"target":121},{"source":40,"target":122},{"source":40,"target":126},{"source":40,"target":133},{"source":40,"target":136},{"source":40,"target":137},{"source":40,"target":138},{"source":40,"target":141},{"source":40,"target":145},{"source":40,"target":148},{"source":40,"target":151},{"source":40,"target":154},{"source":40,"target":158},{"source":41,"target":83},{"source":41,"target":85},{"source":41,"target":86},{"source":41,"target":91},{"source":41,"target":93},{"source":41,"target":94},{"source":41,"target":96},{"source":41,"target":98},{"source":41,"target":99},{"source":41,"target":102},{"source":41,"target":104},{"source":41,"target":105},{"source":41,"target":107},{"source":41,"target":108},{"source":41,"target":111},{"source":41,"target":112},{"source":41,"target":113},{"source":41,"target":115},{"source":41,"target":117},{"source":41,"target":118},{"source":41,"target":119},{"source":41,"target":126},{"source":41,"target":129},{"source":41,"target":133},{"source":41,"target":138},{"source":41,"target":142},{"source":41,"target":145},{"source":41,"target":152},{"source":41,"target":153},{"source":41,"target":156},{"source":42,"target":81},{"source":42,"target":85},{"source":42,"target":87},{"source":42,"target":89},{"source":42,"target":92},{"source":42,"target":94},{"source":42,"target":95},{"source":42,"target":101},{"source":42,"target":102},{"source":42,"target":103},{"source":42,"target":108},{"source":42,"target":110},{"source":42,"target":111},{"source":42,"target":113},{"source":42,"target":114},{"source":42,"target":118},{"source":42,"target":120},{"source":42,"target":123},{"source":42,"target":124},{"source":42,"target":126},{"source":42,"target":127},{"source":42,"target":128},{"source":42,"target":131},{"source":42,"target":132},{"source":42,"target":137},{"source":42,"target":139},{"source":42,"target":143},{"source":42,"target":145},{"source":42,"target":147},{"source":42,"target":149},{"source":42,"target":154},{"source":42,"target":156},{"source":42,"target":159},{"source":43,"target":85},{"source":43,"target":86},{"source":43,"target":88},{"source":43,"target":93},{"source":43,"target":94},{"source":43,"target":99},{"source":43,"target":100},{"source":43,"target":109},{"source":43,"target":111},{"source":43,"target":115},{"source":43,"target":116},{"source":43,"target":120},{"source":43,"target":121},{"source":43,"target":126},{"source":43,"target":127},{"source":43,"target":128},{"source":43,"target":131},{"source":43,"target":132},{"source":43,"target":141},{"source":43,"target":143},{"source":43,"target":149},{"source":43,"target":152},{"source":43,"target":156},{"source":44,"target":82},{"source":44,"target":83},{"source":44,"target":86},{"source":44,"target":88},{"source":44,"target":89},{"source":44,"target":90},{"source":44,"target":91},{"source":44,"target":95},{"source":44,"target":96},{"source":44,"target":97},{"source":44,"target":98},{"source":44,"target":100},{"source":44,"target":104},{"source":44,"target":105},{"source":44,"target":107},{"source":44,"target":110},{"source":44,"target":111},{"source":44,"target":116},{"source":44,"target":117},{"source":44,"target":119},{"source":44,"target":120},{"source":44,"target":128},{"source":44,"target":129},{"source":44,"target":130},{"source":44,"target":133},{"source":44,"target":137},{"source":44,"target":142},{"source":44,"target":146},{"source":44,"target":147},{"source":44,"target":148},{"source":44,"target":153},{"source":44,"target":154},{"source":44,"target":155},{"source":44,"target":156},{"source":44,"target":159},{"source":45,"target":81},{"source":45,"target":84},{"source":45,"target":85},{"source":45,"target":86},{"source":45,"target":94},{"source":45,"target":97},{"source":45,"target":98},{"source":45,"target":100},{"source":45,"target":103},{"source":45,"target":107},{"source":45,"target":108},{"source":45,"target":113},{"source":45,"target":117},{"source":45,"target":118},{"source":45,"target":123},{"source":45,"target":125},{"source":45,"target":126},{"source":45,"target":127},{"source":45,"target":128},{"source":45,"target":130},{"source":45,"target":135},{"source":45,"target":137},{"source":45,"target":138},{"source":45,"target":140},{"source":45,"target":147},{"source":45,"target":149},{"source":45,"target":151},{"source":45,"target":152},{"source":45,"target":156},{"source":45,"target":158},{"source":46,"target":81},{"source":46,"target":84},{"source":46,"target":88},{"source":46,"target":89},{"source":46,"target":94},{"source":46,"target":97},{"source":46,"target":99},{"source":46,"target":101},{"source":46,"target":102},{"source":46,"target":103},{"source":46,"target":104},{"source":46,"target":105},{"source":46,"target":106},{"source":46,"target":110},{"source":46,"target":111},{"source":46,"target":114},{"source":46,"target":120},{"source":46,"target":121},{"source":46,"target":122},{"source":46,"target":124},{"source":46,"target":125},{"source":46,"target":127},{"source":46,"target":130},{"source":46,"target":131},{"source":46,"target":132},{"source":46,"target":133},{"source":46,"target":140},{"source":46,"target":144},{"source":46,"target":147},{"source":46,"target":149},{"source":47,"target":81},{"source":47,"target":86},{"source":47,"target":87},{"source":47,"target":90},{"source":47,"target":91},{"source":47,"target":92},{"source":47,"target":94},{"source":47,"target":96},{"source":47,"target":98},{"source":47,"target":105},{"source":47,"target":106},{"source":47,"target":107},{"source":47,"target":109},{"source":47,"target":112},{"source":47,"target":113},{"source":47,"target":124},{"source":47,"target":126},{"source":47,"target":127},{"source":47,"target":133},{"source":47,"target":135},{"source":47,"target":136},{"source":47,"target":137},{"source":47,"target":139},{"source":47,"target":141},{"source":47,"target":153},{"source":47,"target":154},{"source":47,"target":158},{"source":48,"target":81},{"source":48,"target":82},{"source":48,"target":84},{"source":48,"target":85},{"source":48,"target":88},{"source":48,"target":89},{"source":48,"target":92},{"source":48,"target":94},{"source":48,"target":95},{"source":48,"target":96},{"source":48,"target":109},{"source":48,"target":115},{"source":48,"target":118},{"source":48,"target":122},{"source":48,"target":123},{"source":48,"target":126},{"source":48,"target":129},{"source":48,"target":130},{"source":48,"target":134},{"source":48,"target":138},{"source":48,"target":147},{"source":48,"target":149},{"source":48,"target":151},{"source":48,"target":153},{"source":48,"target":155},{"source":49,"target":90},{"source":49,"target":91},{"source":49,"target":93},{"source":49,"target":95},{"source":49,"target":97},{"source":49,"target":99},{"source":49,"target":100},{"source":49,"target":101},{"source":49,"target":104},{"source":49,"target":105},{"source":49,"target":108},{"source":49,"target":109},{"source":49,"target":110},{"source":49,"target":116},{"source":49,"target":118},{"source":49,"target":119},{"source":49,"target":124},{"source":49,"target":125},{"source":49,"target":126},{"source":49,"target":128},{"source":49,"target":131},{"source":49,"target":135},{"source":49,"target":137},{"source":49,"target":139},{"source":49,"target":144},{"source":49,"target":146},{"source":49,"target":147},{"source":49,"target":149},{"source":49,"target":150},{"source":49,"target":156},{"source":49,"target":158},{"source":49,"target":159},{"source":50,"target":85},{"source":50,"target":87},{"source":50,"target":90},{"source":50,"target":94},{"source":50,"target":95},{"source":50,"target":96},{"source":50,"target":98},{"source":50,"target":99},{"source":50,"target":100},{"source":50,"target":103},{"source":50,"target":104},{"source":50,"target":105},{"source":50,"target":109},{"source":50,"target":110},{"source":50,"target":111},{"source":50,"target":123},{"source":50,"target":125},{"source":50,"target":126},{"source":50,"target":127},{"source":50,"target":128},{"source":50,"target":129},{"source":50,"target":130},{"source":50,"target":131},{"source":50,"target":135},{"source":50,"target":136},{"source":50,"target":140},{"source":50,"target":143},{"source":50,"target":146},{"source":50,"target":151},{"source":50,"target":152},{"source":51,"target":89},{"source":51,"target":92},{"source":51,"target":93},{"source":51,"target":95},{"source":51,"target":97},{"source":51,"target":99},{"source":51,"target":103},{"source":51,"target":106},{"source":51,"target":108},{"source":51,"target":109},{"source":51,"target":110},{"source":51,"target":111},{"source":51,"target":113},{"source":51,"target":118},{"source":51,"target":122},{"source":51,"target":123},{"source":51,"target":124},{"source":51,"target":125},{"source":51,"target":126},{"source":51,"target":128},{"source":51,"target":133},{"source":51,"target":134},{"source":51,"target":136},{"source":51,"target":137},{"source":51,"target":138},{"source":51,"target":139},{"source":51,"target":144},{"source":51,"target":145},{"source":51,"target":147},{"source":51,"target":148},{"source":51,"target":150},{"source":51,"target":151},{"source":51,"target":153},{"source":51,"target":154},{"source":51,"target":155},{"source":51,"target":156},{"source":52,"target":81},{"source":52,"target":82},{"source":52,"target":83},{"source":52,"target":87},{"source":52,"target":89},{"source":52,"target":90},{"source":52,"target":94},{"source":52,"target":98},{"source":52,"target":99},{"source":52,"target":102},{"source":52,"target":106},{"source":52,"target":110},{"source":52,"target":114},{"source":52,"target":116},{"source":52,"target":118},{"source":52,"target":126},{"source":52,"target":127},{"source":52,"target":130},{"source":52,"target":131},{"source":52,"target":133},{"source":52,"target":135},{"source":52,"target":138},{"source":52,"target":139},{"source":52,"target":144},{"source":52,"target":146},{"source":52,"target":147},{"source":52,"target":149},{"source":52,"target":150},{"source":52,"target":153},{"source":52,"target":155},{"source":52,"target":158},{"source":52,"target":159},{"source":53,"target":85},{"source":53,"target":86},{"source":53,"target":90},{"source":53,"target":91},{"source":53,"target":92},{"source":53,"target":93},{"source":53,"target":103},{"source":53,"target":106},{"source":53,"target":107},{"source":53,"target":108},{"source":53,"target":109},{"source":53,"target":114},{"source":53,"target":115},{"source":53,"target":116},{"source":53,"target":118},{"source":53,"target":119},{"source":53,"target":122},{"source":53,"target":123},{"source":53,"target":127},{"source":53,"target":131},{"source":53,"target":132},{"source":53,"target":133},{"source":53,"target":137},{"source":53,"target":138},{"source":53,"target":139},{"source":53,"target":151},{"source":53,"target":154},{"source":53,"target":157},{"source":54,"target":81},{"source":54,"target":83},{"source":54,"target":90},{"source":54,"target":91},{"source":54,"target":92},{"source":54,"target":93},{"source":54,"target":101},{"source":54,"target":103},{"source":54,"target":104},{"source":54,"target":107},{"source":54,"target":108},{"source":54,"target":113},{"source":54,"target":114},{"source":54,"target":123},{"source":54,"target":124},{"source":54,"target":125},{"source":54,"target":126},{"source":54,"target":129},{"source":54,"target":130},{"source":54,"target":133},{"source":54,"target":134},{"source":54,"target":135},{"source":54,"target":136},{"source":54,"target":137},{"source":54,"target":138},{"source":54,"target":139},{"source":54,"target":145},{"source":54,"target":146},{"source":54,"target":147},{"source":54,"target":148},{"source":54,"target":149},{"source":54,"target":152},{"source":54,"target":153},{"source":54,"target":155},{"source":54,"target":156},{"source":54,"target":157},{"source":55,"target":86},{"source":55,"target":90},{"source":55,"target":91},{"source":55,"target":93},{"source":55,"target":94},{"source":55,"target":95},{"source":55,"target":96},{"source":55,"target":99},{"source":55,"target":100},{"source":55,"target":101},{"source":55,"target":102},{"source":55,"target":103},{"source":55,"target":109},{"source":55,"target":113},{"source":55,"target":114},{"source":55,"target":115},{"source":55,"target":122},{"source":55,"target":123},{"source":55,"target":126},{"source":55,"target":127},{"source":55,"target":130},{"source":55,"target":131},{"source":55,"target":136},{"source":55,"target":142},{"source":55,"target":146},{"source":55,"target":148},{"source":55,"target":149},{"source":55,"target":157},{"source":56,"target":85},{"source":56,"target":88},{"source":56,"target":90},{"source":56,"target":95},{"source":56,"target":97},{"source":56,"target":99},{"source":56,"target":103},{"source":56,"target":104},{"source":56,"target":108},{"source":56,"target":113},{"source":56,"target":115},{"source":56,"target":117},{"source":56,"target":119},{"source":56,"target":122},{"source":56,"target":125},{"source":56,"target":127},{"source":56,"target":129},{"source":56,"target":134},{"source":56,"target":136},{"source":56,"target":138},{"source":56,"target":141},{"source":56,"target":143},{"source":56,"target":144},{"source":56,"target":147},{"source":56,"target":152},{"source":56,"target":153},{"source":56,"target":154},{"source":56,"target":156},{"source":56,"target":157},{"source":57,"target":82},{"source":57,"target":83},{"source":57,"target":89},{"source":57,"target":92},{"source":57,"target":93},{"source":57,"target":96},{"source":57,"target":97},{"source":57,"target":99},{"source":57,"target":101},{"source":57,"target":103},{"source":57,"target":105},{"source":57,"target":111},{"source":57,"target":112},{"source":57,"target":113},{"source":57,"target":114},{"source":57,"target":115},{"source":57,"target":121},{"source":57,"target":122},{"source":57,"target":134},{"source":57,"target":136},{"source":57,"target":137},{"source":57,"target":138},{"source":57,"target":139},{"source":57,"target":140},{"source":57,"target":143},{"source":57,"target":144},{"source":57,"target":145},{"source":57,"target":146},{"source":57,"target":147},{"source":57,"target":149},{"source":57,"target":154},{"source":57,"target":156},{"source":57,"target":157},{"source":57,"target":159},{"source":58,"target":81},{"source":58,"target":83},{"source":58,"target":85},{"source":58,"target":88},{"source":58,"target":91},{"source":58,"target":93},{"source":58,"target":99},{"source":58,"target":102},{"source":58,"target":104},{"source":58,"target":105},{"source":58,"target":106},{"source":58,"target":112},{"source":58,"target":114},{"source":58,"target":122},{"source":58,"target":123},{"source":58,"target":124},{"source":58,"target":126},{"source":58,"target":130},{"source":58,"target":133},{"source":58,"target":134},{"source":58,"target":135},{"source":58,"target":136},{"source":58,"target":138},{"source":58,"target":142},{"source":58,"target":143},{"source":58,"target":144},{"source":58,"target":145},{"source":58,"target":146},{"source":58,"target":148},{"source":58,"target":150},{"source":58,"target":153},{"source":58,"target":159},{"source":59,"target":81},{"source":59,"target":83},{"source":59,"target":85},{"source":59,"target":86},{"source":59,"target":88},{"source":59,"target":90},{"source":59,"target":93},{"source":59,"target":94},{"source":59,"target":98},{"source":59,"target":102},{"source":59,"target":103},{"source":59,"target":104},{"source":59,"target":106},{"source":59,"target":109},{"source":59,"target":110},{"source":59,"target":111},{"source":59,"target":114},{"source":59,"target":115},{"source":59,"target":120},{"source":59,"target":121},{"source":59,"target":125},{"source":59,"target":127},{"source":59,"target":128},{"source":59,"target":131},{"source":59,"target":136},{"source":59,"target":137},{"source":59,"target":140},{"source":59,"target":141},{"source":59,"target":144},{"source":59,"target":145},{"source":59,"target":148},{"source":59,"target":149},{"source":59,"target":153},{"source":59,"target":154},{"source":59,"target":156},{"source":59,"target":157},{"source":59,"target":159},{"source":60,"target":81},{"source":60,"target":84},{"source":60,"target":88},{"source":60,"target":92},{"source":60,"target":94},{"source":60,"target":95},{"source":60,"target":97},{"source":60,"target":98},{"source":60,"target":99},{"source":60,"target":104},{"source":60,"target":107},{"source":60,"target":115},{"source":60,"target":116},{"source":60,"target":117},{"source":60,"target":119},{"source":60,"target":123},{"source":60,"target":126},{"source":60,"target":135},{"source":60,"target":138},{"source":60,"target":139},{"source":60,"target":140},{"source":60,"target":147},{"source":60,"target":149},{"source":60,"target":152},{"source":60,"target":156},{"source":60,"target":157},{"source":60,"target":159},{"source":61,"target":81},{"source":61,"target":85},{"source":61,"target":88},{"source":61,"target":89},{"source":61,"target":90},{"source":61,"target":91},{"source":61,"target":97},{"source":61,"target":99},{"source":61,"target":105},{"source":61,"target":106},{"source":61,"target":107},{"source":61,"target":108},{"source":61,"target":110},{"source":61,"target":114},{"source":61,"target":115},{"source":61,"target":116},{"source":61,"target":118},{"source":61,"target":119},{"source":61,"target":121},{"source":61,"target":122},{"source":61,"target":123},{"source":61,"target":126},{"source":61,"target":127},{"source":61,"target":131},{"source":61,"target":133},{"source":61,"target":134},{"source":61,"target":136},{"source":61,"target":139},{"source":61,"target":141},{"source":61,"target":143},{"source":61,"target":145},{"source":61,"target":146},{"source":61,"target":147},{"source":61,"target":149},{"source":61,"target":151},{"source":61,"target":152},{"source":61,"target":154},{"source":61,"target":155},{"source":61,"target":157},{"source":62,"target":81},{"source":62,"target":85},{"source":62,"target":86},{"source":62,"target":90},{"source":62,"target":91},{"source":62,"target":92},{"source":62,"target":98},{"source":62,"target":100},{"source":62,"target":101},{"source":62,"target":104},{"source":62,"target":105},{"source":62,"target":107},{"source":62,"target":108},{"source":62,"target":109},{"source":62,"target":110},{"source":62,"target":112},{"source":62,"target":114},{"source":62,"target":116},{"source":62,"target":117},{"source":62,"target":122},{"source":62,"target":123},{"source":62,"target":128},{"source":62,"target":129},{"source":62,"target":130},{"source":62,"target":134},{"source":62,"target":137},{"source":62,"target":139},{"source":62,"target":143},{"source":62,"target":145},{"source":62,"target":157},{"source":63,"target":83},{"source":63,"target":89},{"source":63,"target":92},{"source":63,"target":94},{"source":63,"target":95},{"source":63,"target":99},{"source":63,"target":102},{"source":63,"target":108},{"source":63,"target":112},{"source":63,"target":114},{"source":63,"target":115},{"source":63,"target":119},{"source":63,"target":120},{"source":63,"target":129},{"source":63,"target":130},{"source":63,"target":137},{"source":63,"target":139},{"source":63,"target":140},{"source":63,"target":143},{"source":63,"target":145},{"source":63,"target":149},{"source":63,"target":150},{"source":63,"target":151},{"source":63,"target":153},{"source":64,"target":82},{"source":64,"target":85},{"source":64,"target":86},{"source":64,"target":87},{"source":64,"target":89},{"source":64,"target":92},{"source":64,"target":95},{"source":64,"target":98},{"source":64,"target":101},{"source":64,"target":104},{"source":64,"target":105},{"source":64,"target":107},{"source":64,"target":110},{"source":64,"target":111},{"source":64,"target":118},{"source":64,"target":119},{"source":64,"target":121},{"source":64,"target":123},{"source":64,"target":124},{"source":64,"target":126},{"source":64,"target":127},{"source":64,"target":129},{"source":64,"target":131},{"source":64,"target":138},{"source":64,"target":139},{"source":64,"target":140},{"source":64,"target":145},{"source":64,"target":151},{"source":64,"target":152},{"source":64,"target":154},{"source":64,"target":157},{"source":64,"target":158},{"source":65,"target":82},{"source":65,"target":85},{"source":65,"target":86},{"source":65,"target":88},{"source":65,"target":93},{"source":65,"target":98},{"source":65,"target":100},{"source":65,"target":105},{"source":65,"target":108},{"source":65,"target":114},{"source":65,"target":115},{"source":65,"target":116},{"source":65,"target":119},{"source":65,"target":120},{"source":65,"target":121},{"source":65,"target":122},{"source":65,"target":123},{"source":65,"target":124},{"source":65,"target":125},{"source":65,"target":127},{"source":65,"target":128},{"source":65,"target":132},{"source":65,"target":134},{"source":65,"target":135},{"source":65,"target":136},{"source":65,"target":139},{"source":65,"target":145},{"source":65,"target":146},{"source":65,"target":148},{"source":65,"target":149},{"source":65,"target":150},{"source":65,"target":155},{"source":65,"target":156},{"source":65,"target":157},{"source":65,"target":158},{"source":65,"target":159},{"source":66,"target":84},{"source":66,"target":89},{"source":66,"target":93},{"source":66,"target":95},{"source":66,"target":97},{"source":66,"target":101},{"source":66,"target":105},{"source":66,"target":106},{"source":66,"target":107},{"source":66,"target":108},{"source":66,"target":109},{"source":66,"target":110},{"source":66,"target":111},{"source":66,"target":114},{"source":66,"target":120},{"source":66,"target":124},{"source":66,"target":126},{"source":66,"target":130},{"source":66,"target":131},{"source":66,"target":133},{"source":66,"target":134},{"source":66,"target":135},{"source":66,"target":137},{"source":66,"target":138},{"source":66,"target":139},{"source":66,"target":142},{"source":66,"target":147},{"source":66,"target":148},{"source":66,"target":149},{"source":66,"target":153},{"source":66,"target":157},{"source":66,"target":158},{"source":67,"target":82},{"source":67,"target":83},{"source":67,"target":84},{"source":67,"target":85},{"source":67,"target":87},{"source":67,"target":88},{"source":67,"target":89},{"source":67,"target":91},{"source":67,"target":95},{"source":67,"target":98},{"source":67,"target":100},{"source":67,"target":102},{"source":67,"target":105},{"source":67,"target":106},{"source":67,"target":111},{"source":67,"target":116},{"source":67,"target":119},{"source":67,"target":122},{"source":67,"target":126},{"source":67,"target":127},{"source":67,"target":134},{"source":67,"target":135},{"source":67,"target":137},{"source":67,"target":138},{"source":67,"target":141},{"source":67,"target":142},{"source":67,"target":144},{"source":67,"target":146},{"source":67,"target":149},{"source":67,"target":150},{"source":67,"target":151},{"source":67,"target":152},{"source":67,"target":153},{"source":67,"target":158},{"source":68,"target":82},{"source":68,"target":85},{"source":68,"target":86},{"source":68,"target":88},{"source":68,"target":89},{"source":68,"target":90},{"source":68,"target":93},{"source":68,"target":94},{"source":68,"target":95},{"source":68,"target":98},{"source":68,"target":103},{"source":68,"target":105},{"source":68,"target":108},{"source":68,"target":109},{"source":68,"target":110},{"source":68,"target":114},{"source":68,"target":117},{"source":68,"target":120},{"source":68,"target":121},{"source":68,"target":122},{"source":68,"target":129},{"source":68,"target":131},{"source":68,"target":138},{"source":68,"target":142},{"source":68,"target":143},{"source":68,"target":144},{"source":68,"target":145},{"source":68,"target":151},{"source":68,"target":152},{"source":68,"target":153},{"source":68,"target":157},{"source":69,"target":83},{"source":69,"target":88},{"source":69,"target":89},{"source":69,"target":94},{"source":69,"target":95},{"source":69,"target":100},{"source":69,"target":101},{"source":69,"target":103},{"source":69,"target":104},{"source":69,"target":105},{"source":69,"target":106},{"source":69,"target":114},{"source":69,"target":115},{"source":69,"target":116},{"source":69,"target":120},{"source":69,"target":122},{"source":69,"target":123},{"source":69,"target":124},{"source":69,"target":125},{"source":69,"target":126},{"source":69,"target":130},{"source":69,"target":133},{"source":69,"target":134},{"source":69,"target":135},{"source":69,"target":137},{"source":69,"target":140},{"source":69,"target":142},{"source":69,"target":144},{"source":69,"target":148},{"source":69,"target":149},{"source":69,"target":151},{"source":69,"target":153},{"source":69,"target":154},{"source":69,"target":156},{"source":69,"target":157},{"source":70,"target":82},{"source":70,"target":83},{"source":70,"target":86},{"source":70,"target":87},{"source":70,"target":89},{"source":70,"target":94},{"source":70,"target":96},{"source":70,"target":97},{"source":70,"target":102},{"source":70,"target":106},{"source":70,"target":111},{"source":70,"target":115},{"source":70,"target":116},{"source":70,"target":122},{"source":70,"target":123},{"source":70,"target":126},{"source":70,"target":128},{"source":70,"target":129},{"source":70,"target":130},{"source":70,"target":133},{"source":70,"target":135},{"source":70,"target":140},{"source":70,"target":142},{"source":70,"target":143},{"source":70,"target":145},{"source":70,"target":150},{"source":70,"target":154},{"source":70,"target":157},{"source":70,"target":158},{"source":70,"target":159},{"source":71,"target":81},{"source":71,"target":84},{"source":71,"target":86},{"source":71,"target":87},{"source":71,"target":88},{"source":71,"target":95},{"source":71,"target":97},{"source":71,"target":98},{"source":71,"target":99},{"source":71,"target":109},{"source":71,"target":112},{"source":71,"target":115},{"source":71,"target":117},{"source":71,"target":119},{"source":71,"target":121},{"source":71,"target":122},{"source":71,"target":124},{"source":71,"target":126},{"source":71,"target":127},{"source":71,"target":129},{"source":71,"target":130},{"source":71,"target":131},{"source":71,"target":137},{"source":71,"target":139},{"source":71,"target":140},{"source":71,"target":141},{"source":71,"target":142},{"source":71,"target":144},{"source":71,"target":145},{"source":71,"target":146},{"source":71,"target":147},{"source":71,"target":148},{"source":71,"target":150},{"source":71,"target":152},{"source":71,"target":153},{"source":71,"target":157},{"source":71,"target":158},{"source":71,"target":159},{"source":72,"target":82},{"source":72,"target":88},{"source":72,"target":95},{"source":72,"target":99},{"source":72,"target":100},{"source":72,"target":101},{"source":72,"target":103},{"source":72,"target":104},{"source":72,"target":106},{"source":72,"target":109},{"source":72,"target":110},{"source":72,"target":113},{"source":72,"target":115},{"source":72,"target":116},{"source":72,"target":118},{"source":72,"target":124},{"source":72,"target":131},{"source":72,"target":132},{"source":72,"target":133},{"source":72,"target":136},{"source":72,"target":137},{"source":72,"target":140},{"source":72,"target":142},{"source":72,"target":148},{"source":72,"target":154},{"source":72,"target":155},{"source":72,"target":156},{"source":73,"target":83},{"source":73,"target":86},{"source":73,"target":87},{"source":73,"target":90},{"source":73,"target":93},{"source":73,"target":94},{"source":73,"target":95},{"source":73,"target":96},{"source":73,"target":104},{"source":73,"target":105},{"source":73,"target":106},{"source":73,"target":109},{"source":73,"target":111},{"source":73,"target":115},{"source":73,"target":117},{"source":73,"target":118},{"source":73,"target":119},{"source":73,"target":120},{"source":73,"target":121},{"source":73,"target":122},{"source":73,"target":123},{"source":73,"target":124},{"source":73,"target":126},{"source":73,"target":128},{"source":73,"target":131},{"source":73,"target":136},{"source":73,"target":137},{"source":73,"target":139},{"source":73,"target":142},{"source":73,"target":145},{"source":73,"target":146},{"source":73,"target":152},{"source":73,"target":153},{"source":73,"target":157},{"source":73,"target":159},{"source":74,"target":83},{"source":74,"target":87},{"source":74,"target":97},{"source":74,"target":100},{"source":74,"target":101},{"source":74,"target":106},{"source":74,"target":112},{"source":74,"target":114},{"source":74,"target":119},{"source":74,"target":124},{"source":74,"target":127},{"source":74,"target":128},{"source":74,"target":131},{"source":74,"target":132},{"source":74,"target":133},{"source":74,"target":134},{"source":74,"target":135},{"source":74,"target":144},{"source":74,"target":148},{"source":74,"target":150},{"source":74,"target":151},{"source":74,"target":153},{"source":74,"target":154},{"source":74,"target":155},{"source":74,"target":156},{"source":74,"target":159},{"source":75,"target":81},{"source":75,"target":82},{"source":75,"target":84},{"source":75,"target":90},{"source":75,"target":92},{"source":75,"target":95},{"source":75,"target":96},{"source":75,"target":100},{"source":75,"target":101},{"source":75,"target":102},{"source":75,"target":107},{"source":75,"target":112},{"source":75,"target":113},{"source":75,"target":115},{"source":75,"target":123},{"source":75,"target":126},{"source":75,"target":127},{"source":75,"target":134},{"source":75,"target":135},{"source":75,"target":136},{"source":75,"target":141},{"source":75,"target":146},{"source":75,"target":147},{"source":75,"target":151},{"source":75,"target":154},{"source":75,"target":156},{"source":75,"target":158},{"source":76,"target":82},{"source":76,"target":92},{"source":76,"target":93},{"source":76,"target":97},{"source":76,"target":102},{"source":76,"target":103},{"source":76,"target":104},{"source":76,"target":108},{"source":76,"target":110},{"source":76,"target":112},{"source":76,"target":113},{"source":76,"target":114},{"source":76,"target":115},{"source":76,"target":117},{"source":76,"target":119},{"source":76,"target":120},{"source":76,"target":122},{"source":76,"target":125},{"source":76,"target":126},{"source":76,"target":132},{"source":76,"target":135},{"source":76,"target":137},{"source":76,"target":139},{"source":76,"target":140},{"source":76,"target":142},{"source":76,"target":144},{"source":76,"target":152},{"source":76,"target":155},{"source":76,"target":159},{"source":77,"target":81},{"source":77,"target":82},{"source":77,"target":84},{"source":77,"target":86},{"source":77,"target":96},{"source":77,"target":97},{"source":77,"target":101},{"source":77,"target":102},{"source":77,"target":104},{"source":77,"target":109},{"source":77,"target":112},{"source":77,"target":113},{"source":77,"target":117},{"source":77,"target":120},{"source":77,"target":122},{"source":77,"target":126},{"source":77,"target":128},{"source":77,"target":129},{"source":77,"target":132},{"source":77,"target":134},{"source":77,"target":136},{"source":77,"target":140},{"source":77,"target":141},{"source":77,"target":142},{"source":77,"target":148},{"source":77,"target":149},{"source":77,"target":152},{"source":77,"target":153},{"source":77,"target":155},{"source":77,"target":157},{"source":77,"target":159},{"source":78,"target":87},{"source":78,"target":90},{"source":78,"target":91},{"source":78,"target":92},{"source":78,"target":93},{"source":78,"target":101},{"source":78,"target":103},{"source":78,"target":106},{"source":78,"target":107},{"source":78,"target":109},{"source":78,"target":110},{"source":78,"target":112},{"source":78,"target":114},{"source":78,"target":115},{"source":78,"target":116},{"source":78,"target":118},{"source":78,"target":123},{"source":78,"target":128},{"source":78,"target":129},{"source":78,"target":132},{"source":78,"target":136},{"source":78,"target":137},{"source":78,"target":139},{"source":78,"target":142},{"source":78,"target":148},{"source":78,"target":149},{"source":78,"target":150},{"source":78,"target":151},{"source":78,"target":155},{"source":78,"target":156},{"source":78,"target":158},{"source":78,"target":159},{"source":79,"target":81},{"source":79,"target":82},{"source":79,"target":83},{"source":79,"target":86},{"source":79,"target":92},{"source":79,"target":96},{"source":79,"target":97},{"source":79,"target":99},{"source":79,"target":101},{"source":79,"target":102},{"source":79,"target":103},{"source":79,"target":105},{"source":79,"target":107},{"source":79,"target":108},{"source":79,"target":111},{"source":79,"target":115},{"source":79,"target":117},{"source":79,"target":119},{"source":79,"target":120},{"source":79,"target":123},{"source":79,"target":129},{"source":79,"target":131},{"source":79,"target":133},{"source":79,"target":135},{"source":79,"target":136},{"source":79,"target":139},{"source":79,"target":141},{"source":79,"target":144},{"source":79,"target":149},{"source":79,"target":154},{"source":79,"target":156},{"source":79,"target":158},{"source":0,"target":81}],"height":543,"nodes":[{"id":0,"x":658.0,"y":476.0},{"id":1,"x":646.0,"y":464.0},{"id":2,"x":614.0,"y":450.0},{"id":3,"x":694.0,"y":528.0},{"id":4,"x":680.0,"y":502.0},{"id":5,"x":672.0,"y":490.0},{"id":6,"x":608.0,"y":450.0},{"id":7,"x":640.0,"y":460.0},{"id":8,"x":540.0,"y":184.0},{"id":9,"x":564.0,"y":458.0},{"id":10,"x":576.0,"y":240.0},{"id":11,"x":556.0,"y":216.0},{"id":12,"x":560.0,"y":224.0},{"id":13,"x":692.0,"y":524.0},{"id":14,"x":598.0,"y":450.0},{"id":15,"x":604.0,"y":450.0},{"id":16,"x":684.0,"y":510.0},{"id":17,"x":552.0,"y":466.0},{"id":18,"x":634.0,"y":458.0},{"id":19,"x":650.0,"y":468.0},{"id":20,"x":534.0,"y":164.0},{"id":21,"x":698.0,"y":536.0},{"id":22,"x":572.0,"y":236.0},{"id":23,"x":558.0,"y":222.0},{"id":24,"x":688.0,"y":516.0},{"id":25,"x":682.0,"y":506.0},{"id":26,"x":548.0,"y":204.0},{"id":27,"x":542.0,"y":192.0},{"id":28,"x":562.0,"y":226.0},{"id":29,"x":662.0,"y":478.0},{"id":30,"x":574.0,"y":238.0},{"id":31,"x":626.0,"y":454.0},{"id":32,"x":602.0,"y":450.0},{"id":33,"x":548.0,"y":202.0},{"id":34,"x":580.0,"y":244.0},{"id":35,"x":534.0,"y":168.0},{"id":36,"x":690.0,"y":520.0},{"id":37,"x":576.0,"y":242.0},{"id":38,"x":578.0,"y":242.0},{"id":39,"x":532.0,"y":156.0},{"id":40,"x":544.0,"y":194.0},{"id":41,"x":648.0,"y":466.0},{"id":42,"x":686.0,"y":512.0},{"id":43,"x":696.0,"y":532.0},{"id":44,"x":584.0,"y":450.0},{"id":45,"x":554.0,"y":214.0},{"id":46,"x":538.0,"y":176.0},{"id":47,"x":674.0,"y":492.0},{"id":48,"x":550.0,"y":208.0},{"id":49,"x":620.0,"y":242.0},{"id":50,"x":546.0,"y":198.0},{"id":51,"x":542.0,"y":188.0},{"id":52,"x":678.0,"y":498.0},{"id":53,"x":552.0,"y":210.0},{"id":54,"x":580.0,"y":452.0},{"id":55,"x":622.0,"y":452.0},{"id":56,"x":590.0,"y":450.0},{"id":57,"x":582.0,"y":244.0},{"id":58,"x":656.0,"y":474.0},{"id":59,"x":538.0,"y":180.0},{"id":60,"x":616.0,"y":452.0},{"id":61,"x":610.0,"y":450.0},{"id":62,"x":586.0,"y":246.0},{"id":63,"x":632.0,"y":456.0},{"id":64,"x":666.0,"y":484.0},{"id":65,"x":664.0,"y":480.0},{"id":66,"x":592.0,"y":450.0},{"id":67,"x":676.0,"y":496.0},{"id":68,"x":536.0,"y":172.0},{"id":69,"x":564.0,"y":228.0},{"id":70,"x":628.0,"y":456.0},{"id":71,"x":568.0,"y":232.0},{"id":72,"x":556.0,"y":220.0},{"id":73,"x":642.0,"y":462.0},{"id":74,"x":532.0,"y":160.0},{"id":75,"x":658.0,"y":182.0},{"id":76,"x":566.0,"y":230.0},{"id":77,"x":596.0,"y":450.0},{"id":78,"x":668.0,"y":486.0},{"id":79,"x":570.0,"y":234.0},{"id":80,"x":586.0,"y":450.0},{"id":81,"x":550.0,"y":468.0},{"id":82,"x":642.0,"y":218.0},{"id":83,"x":522.0,"y":496.0},{"id":84,"x":666.0,"y":162.0},{"id":85,"x":654.0,"y":196.0},{"id":86,"x":634.0,"y":230.0},{"id":87,"x":652.0,"y":200.0},{"id":88,"x":542.0,"y":474.0},{"id":89,"x":520.0,"y":500.0},{"id":90,"x":584.0,"y":246.0},{"id":91,"x":654.0,"y":470.0},{"id":92,"x":648.0,"y":206.0},{"id":93,"x":500.0,"y":538.0},{"id":94,"x":662.0,"y":170.0},{"id":95,"x":626.0,"y":238.0},{"id":96,"x":624.0,"y":238.0},{"id":97,"x":630.0,"y":234.0},{"id":98,"x":512.0,"y":510.0},{"id":99,"x":618.0,"y":242.0},{"id":100,"x":664.0,"y":166.0},{"id":101,"x":600.0,"y":248.0},{"id":102,"x":648.0,"y":208.0},{"id":103,"x":526.0,"y":490.0},{"id":104,"x":590.0,"y":248.0},{"id":105,"x":604.0,"y":248.0},{"id":106,"x":498.0,"y":542.0},{"id":107,"x":602.0,"y":248.0},{"id":108,"x":560.0,"y":460.0},{"id":109,"x":538.0,"y":476.0},{"id":110,"x":544.0,"y":472.0},{"id":111,"x":506.0,"y":522.0},{"id":112,"x":588.0,"y":248.0},{"id":113,"x":638.0,"y":224.0},{"id":114,"x":510.0,"y":514.0},{"id":115,"x":628.0,"y":236.0},{"id":116,"x":598.0,"y":248.0},{"id":117,"x":554.0,"y":464.0},{"id":118,"x":568.0,"y":456.0},{"id":119,"x":662.0,"y":174.0},{"id":120,"x":508.0,"y":518.0},{"id":121,"x":536.0,"y":478.0},{"id":122,"x":596.0,"y":248.0},{"id":123,"x":638.0,"y":222.0},{"id":124,"x":566.0,"y":456.0},{"id":125,"x":594.0,"y":248.0},{"id":126,"x":644.0,"y":214.0},{"id":127,"x":660.0,"y":178.0},{"id":128,"x":502.0,"y":530.0},{"id":129,"x":578.0,"y":452.0},{"id":130,"x":558.0,"y":462.0},{"id":131,"x":658.0,"y":186.0},{"id":132,"x":502.0,"y":534.0},{"id":133,"x":546.0,"y":470.0},{"id":134,"x":574.0,"y":454.0},{"id":135,"x":654.0,"y":192.0},{"id":136,"x":640.0,"y":220.0},{"id":137,"x":616.0,"y":244.0},{"id":138,"x":504.0,"y":526.0},{"id":139,"x":622.0,"y":240.0},{"id":140,"x":534.0,"y":482.0},{"id":141,"x":606.0,"y":248.0},{"id":142,"x":530.0,"y":484.0},{"id":143,"x":514.0,"y":506.0},{"id":144,"x":636.0,"y":228.0},{"id":145,"x":646.0,"y":212.0},{"id":146,"x":636.0,"y":460.0},{"id":147,"x":592.0,"y":248.0},{"id":148,"x":528.0,"y":488.0},{"id":149,"x":614.0,"y":246.0},{"id":150,"x":650.0,"y":202.0},{"id":151,"x":656.0,"y":188.0},{"id":152,"x":608.0,"y":248.0},{"id":153,"x":524.0,"y":494.0},{"id":154,"x":612.0,"y":246.0},{"id":155,"x":516.0,"y":504.0},{"id":156,"x":632.0,"y":232.0},{"id":157,"x":572.0,"y":454.0},{"id":158,"x":610.0,"y":246.0},{"id":159,"x":620.0,"y":452.0}],"points":[{"id":0,"x":698.0,"y":536.0},{"id":1,"x":666.0,"y":162.0},{"id":2,"x":696.0,"y":532.0},{"id":3,"x":664.0,"y":166.0},{"id":4,"x":694.0,"y":528.0},{"id":5,"x":662.0,"y":170.0},{"id":6,"x":692.0,"y":524.0},{"id":7,"x":662.0,"y":174.0},{"id":8,"x":690.0,"y":520.0},{"id":9,"x":660.0,"y":178.0},{"id":10,"x":688.0,"y":516.0},{"id":11,"x":658.0,"y":182.0},{"id":12,"x":686.0,"y":512.0},{"id":13,"x":658.0,"y":186.0},{"id":14,"x":684.0,"y":510.0},{"id":15,"x":656.0,"y":188.0},{"id":16,"x":682.0,"y":506.0},{"id":17,"x":654.0,"y":192.0},{"id":18,"x":680.0,"y":502.0},{"id":19,"x":654.0,"y":196.0},{"id":20,"x":678.0,"y":498.0},{"id":21,"x":652.0,"y":200.0},{"id":22,"x":676.0,"y":496.0},{"id":23,"x":650.0,"y":202.0},{"id":24,"x":674.0,"y":492.0},{"id":25,"x":648.0,"y":206.0},{"id":26,"x":672.0,"y":490.0},{"id":27,"x":648.0,"y":208.0},{"id":28,"x":668.0,"y":486.0},{"id":29,"x":646.0,"y":212.0},{"id":30,"x":666.0,"y":484.0},{"id":31,"x":644.0,"y":214.0},{"id":32,"x":664.0,"y":480.0},{"id":33,"x":642.0,"y":218.0},{"id":34,"x":662.0,"y":478.0},{"id":35,"x":640.0,"y":220.0},{"id":36,"x":658.0,"y":476.0},{"id":37,"x":638.0,"y":222.0},{"id":38,"x":656.0,"y":474.0},{"id":39,"x":638.0,"y":224.0},{"id":40,"x":654.0,"y":470.0},{"id":41,"x":636.0,"y":228.0},{"id":42,"x":650.0,"y":468.0},{"id":43,"x":634.0,"y":230.0},{"id":44,"x":648.0,"y":466.0},{"id":45,"x":632.0,"y":232.0},{"id":46,"x":646.0,"y":464.0},{"id":47,"x":630.0,"y":234.0},{"id":48,"x":642.0,"y":462.0},{"id":49,"x":628.0,"y":236.0},{"id":50,"x":640.0,"y":460.0},{"id":51,"x":626.0,"y":238.0},{"id":52,"x":636.0,"y":460.0},{"id":53,"x":624.0,"y":238.0},{"id":54,"x":634.0,"y":458.0},{"id":55,"x":622.0,"y":240.0},{"id":56,"x":632.0,"y":456.0},{"id":57,"x":620.0,"y":242.0},{"id":58,"x":628.0,"y":456.0},{"id":59,"x":618.0,"y":242.0},{"id":60,"x":626.0,"y":454.0},{"id":61,"x":616.0,"y":244.0},{"id":62,"x":622.0,"y":452.0},{"id":63,"x":614.0,"y":246.0},{"id":64,"x":620.0,"y":452.0},{"id":65,"x":612.0,"y":246.0},{"id":66,"x":616.0,"y":452.0},{"id":67,"x":610.0,"y":246.0},{"id":68,"x":614.0,"y":450.0},{"id":69,"x":608.0,"y":248.0},{"id":70,"x":610.0,"y":450.0},{"id":71,"x":606.0,"y":248.0},{"id":72,"x":608.0,"y":450.0},{"id":73,"x":604.0,"y":248.0},{"id":74,"x":604.0,"y":450.0},{"id":75,"x":602.0,"y":248.0},{"id":76,"x":602.0,"y":450.0},{"id":77,"x":600.0,"y":248.0},{"id":78,"x":598.0,"y":450.0},{"id":79,"x":598.0,"y":248.0},{"id":80,"x":596.0,"y":450.0},{"id":81,"x":596.0,"y":248.0},{"id":82,"x":592.0,"y":450.0},{"id":83,"x":594.0,"y":248.0},{"id":84,"x":590.0,"y":450.0},{"id":85,"x":592.0,"y":248.0},{"id":86,"x":586.0,"y":450.0},{"id":87,"x":590.0,"y":248.0},{"id":88,"x":584.0,"y":450.0},{"id":89,"x":588.0,"y":248.0},{"id":90,"x":580.0,"y":452.0},{"id":91,"x":586.0,"y":246.0},{"id":92,"x":578.0,"y":452.0},{"id":93,"x":584.0,"y":246.0},{"id":94,"x":574.0,"y":454.0},{"id":95,"x":582.0,"y":244.0},{"id":96,"x":572.0,"y":454.0},{"id":97,"x":580.0,"y":244.0},{"id":98,"x":568.0,"y":456.0},{"id":99,"x":578.0,"y":242.0},{"id":100,"x":566.0,"y":456.0},{"id":101,"x":576.0,"y":242.0},{"id":102,"x":564.0,"y":458.0},{"id":103,"x":576.0,"y":240.0},{"id":104,"x":560.0,"y":460.0},{"id":105,"x":574.0,"y":238.0},{"id":106,"x":558.0,"y":462.0},{"id":107,"x":572.0,"y":236.0},{"id":108,"x":554.0,"y":464.0},{"id":109,"x":570.0,"y":234.0},{"id":110,"x":552.0,"y":466.0},{"id":111,"x":568.0,"y":232.0},{"id":112,"x":550.0,"y":468.0},{"id":113,"x":566.0,"y":230.0},{"id":114,"x":546.0,"y":470.0},{"id":115,"x":564.0,"y":228.0},{"id":116,"x":544.0,"y":472.0},{"id":117,"x":562.0,"y":226.0},{"id":118,"x":542.0,"y":474.0},{"id":119,"x":560.0,"y":224.0},{"id":120,"x":538.0,"y":476.0},{"id":121,"x":558.0,"y":222.0},{"id":122,"x":536.0,"y":478.0},{"id":123,"x":556.0,"y":220.0},{"id":124,"x":534.0,"y":482.0},{"id":125,"x":556.0,"y":216.0},{"id":126,"x":530.0,"y":484.0},{"id":127,"x":554.0,"y":214.0},{"id":128,"x":528.0,"y":488.0},{"id":129,"x":552.0,"y":210.0},{"id":130,"x":526.0,"y":490.0},{"id":131,"x":550.0,"y":208.0},{"id":132,"x":524.0,"y":494.0},{"id":133,"x":548.0,"y":204.0},{"id":134,"x":522.0,"y":496.0},{"id":135,"x":548.0,"y":202.0},{"id":136,"x":520.0,"y":500.0},{"id":137,"x":546.0,"y":198.0},{"id":138,"x":516.0,"y":504.0},{"id":139,"x":544.0,"y":194.0},{"id":140,"x":514.0,"y":506.0},{"id":141,"x":542.0,"y":192.0},{"id":142,"x":512.0,"y":510.0},{"id":143,"x":542.0,"y":188.0},{"id":144,"x":510.0,"y":514.0},{"id":145,"x":540.0,"y":184.0},{"id":146,"x":508.0,"y":518.0},{"id":147,"x":538.0,"y":180.0},{"id":148,"x":506.0,"y":522.0},{"id":149,"x":538.0,"y":176.0},{"id":150,"x":504.0,"y":526.0},{"id":151,"x":536.0,"y":172.0},{"id":152,"x":502.0,"y":530.0},{"id":153,"x":534.0,"y":168.0},{"id":154,"x":502.0,"y":534.0},{"id":155,"x":534.0,"y":164.0},{"id":156,"x":500.0,"y":538.0},{"id":157,"x":532.0,"y":160.0},{"id":158,"x":498.0,"y":542.0},{"id":159,"x":532.0,"y":156.0}],"width":699}